Cod_Proyecto|NombreProyecto|Pais|Cod_InstitucionEjecutora|Representante|RepresentanteInstitucion|NombreProfesional
BO0146IIIP09T01|TRACCION DE MAQUINAS CON ANIMALES|Bolivia|146|César Eduardo Flores Ventura|César Eduardo Flores Ventura|Nestor PEREZ
BO056IIP02T00|PROYECTO TECNOLOGICO EN SANEAMIENTO AMBIENTAL - PROTESA|Bolivia|56|Dr. Carlos A. LINGER|Dr. Carlos A. LINGER|Dr. Carlos A. LINGER
BO107IP00T00|VIVIENDAS INTEGRALES|Bolivia|107|Ing. Oliver Campero Rivero|Ing. MSc. Oliver Campero Rivero|Oliver Campero Rivero
BO108IP00T00|Construcción de Viviendas|Bolivia|108|Ing. Gonzalo Dalence Ergueta|Ing. Gonzalo Dalence Ergueta|Gonzalo Dalence Ergueta
BO109IP00T00|Viviendas Semilla|Bolivia|109|Jorge Rondón|Jorge Rondón|Jorge Rondón
BO110IIIP00T01|PRODUCCION, MANEJO Y UTILIZACION DEL BAMBU EN ARTESANIA Y CONSTRUCCION|Bolivia|87|Arq. Guillermo CORTES MORENO || Guillermo CORTES MORENO
BO111IP01T00|CABAÑA DE JATATA|Bolivia|111|Freddy ROJAS C.|Freddy ROJAS C.|Freddy ROJAS C.
BO112IIP01T06|SISTEMA ALTERNATIVO DE AGUAS POTABLES|Bolivia|112|Wolfgang BUCHNER|Wolfgang BUCHNER|Wolfgang BUCHNER
BO112IIP03T06|CURSO PARA CAPACITACION EN TECNICAS DE SANEAMIENTO BASICO RURAL|Bolivia|112|Wolfgang BUCHNER|Wolfgang BUCHNER|Wolfgang BUCHNER
BO112IIP04T00|COBERTURA NACIONAL DE MICROEMPRESAS EN SANEAMIENTO BASICO CON TECNOLOGIAS - EMAS/OPS / CAPACITACION, EQUIPAMIENTO Y SEGUIMIENTO A 70 NUEVAS MICROEMPRESAS EN SANEAMIENTO BASICO A NIVEL NACIONAL|Bolivia|112|Wolfgang BUCHNER|Wolfgang BUCHNER|Wolfgang BUCHNER
BO113I-IIP01T00|EVALUACION, OPTIMIZACION Y POTENCIAL DE USO DE LA BOMBA DE SOGA EN MICRORIEGO|Bolivia|113|Ing. Gumercindo Benavidez  ||Gumercindo Benavidez
BO146II-IIIP01T01|LAVANDERO PORTATIL|Bolivia|146|Néstor PEREZ|Néstor PEREZ|Néstor PEREZ
BO146II-IIIP02T01|BIODIGESTOR FAMILIAR|Bolivia|146|Douglas ZEHR|Douglas ZEHR|Douglas ZEHR
BO146II-IIIP03T01|BIODIGESTOR INDUSTRIAL|Bolivia|146|Néstor PEREZ|Néstor PEREZ|Néstor PEREZ
BO146II-IIIP05T01|PERFORACION DE POZOS NO PROFUNDOS|Bolivia|146|Néstor PEREZ|Néstor PEREZ|Néstor PEREZ
BO146II-IIIP06T01|BOMBA DE BALANCIN + BOMBA ROSARIO|Bolivia|146|Néstor PEREZ|Néstor PEREZ|Néstor PEREZ
BO146IIP00aT01|TECNOLOGIA APROPIADA: LETRINA SECA|Bolivia|146|Barry BARTEL|Barry BARTEL|Barry BARTEL
BO146IP08T01|TEJAS DE FIBROCEMENTO|Bolivia|146|Douglas ZEHR|Douglas ZEHR|Douglas ZEHR
BO147IIP01T00|USO Y MANEJO SEGURO DEL PLAGUICIDA|Bolivia|147|Patricia MIRANDA|Patricia MIRANDA|Patricia MIRANDA
BO147IIP03T01|RECICLAJE DE GOMAS Y LLANTAS|Bolivia|147|Rosario PINOE|Rosario PINOE|Rosario PINOE
BO147IIP04T01|RECICLAJE DE ENVASES DE PLASTICO|Bolivia|147|Miriam Suárez|Miriam Suárez|Miriam Suárez
BO147IIP05T01|RECICLAJE DE PAPEL DE BASURA|Bolivia|147|Rosario PINOE|Rosario PINOE|Rosario PINOE
BO147IIP06T01|ALEGRÍA PAPEL|Bolivia|147|Miriam Suárez|Miriam Suárez|Miriam Suárez
BO148I-IIP09T01|PROYECTO DE LETRINAS ESPECIALES PARA ILLATAKU - COCHABAMBA|Bolivia|148|Blanca PEREZ MERCADO|Blanca PEREZ MERCADO|Blanca PEREZ MERCADO
BO148IIP01T00|PROGRAMA AGUAS Y SANEAMIENTO (PRODEAS)|Bolivia|148|Blanca PEREZ MERCADO|Blanca PEREZ MERCADO|Blanca PEREZ MERCADO
BO148IIP02T01|PROYECTO DE FACTIBILIDAD PARA UNA MICROTURBINA PARA LA LOCALIDAD DE AZURDUY, DEPARTAMENTO DE CHUQUISACA|Bolivia|148|Blanca PEREZ MERCADO|Blanca PEREZ MERCADO|Blanca PEREZ MERCADO
BO148iip03t01|PROYECTO IMPLEMENTACION DE DOS POZOS DE AGUA, INSTALACION DE UNA BOMBA Y AEROMOTOR EN SAN PEDRO DE TEREBINTO|Bolivia|148|Blanca PEREZ MERCADO|Blanca PEREZ MERCADO|Blanca PEREZ MERCADO
BO148IIP04T02|CONSTRUCCION DE SISTEMAS RURALES DE AGUA POTABLE Y SANEAMIENTO |Bolivia|148|Blanca PEREZ MERCADO|Blanca PEREZ MERCADO|Blanca PEREZ MERCADO
BO148IIP05T01|PROYECTO DE AGUA CON TANQUE Y POZO PROFUNDO PARA CAÑAVERAL II|Bolivia|148|Blanca PEREZ MERCADO|Blanca PEREZ MERCADO|Blanca PEREZ MERCADO
BO148IIP06T01|PROYECTO DE POZO PROFUNDO PARA LA COOPERATIVA DE AGUAS SANTA FE DE YACAPANI|Bolivia|148|Blanca PEREZ MERCADO|Blanca PEREZ MERCADO|Blanca PEREZ MERCADO
BO148IIP07T01|PROYECTO POZO Y BOMBAS MANUALES PARA EL CUATRO (PAURITO)|Bolivia|148|Blanca PEREZ MERCADO|Blanca PEREZ MERCADO|Blanca PEREZ MERCADO
BO148IIP08T01|PROYECTO DE RIEGO (DOS POZOS PROFUNDOS Y SISTEMA DE CANALES) PARA ILLATAKU-COCHABAMBA|Bolivia|148|Blanca PEREZ MERCADO|Blanca PEREZ MERCADO|Blanca PEREZ MERCADO
BO148IIP10T01|PROYECTO DE TANQUE ELEVADO Y SISTEMA DE BOMBEO PARA LA PARROQUIA DE VILLA SANTA CRUZ|Bolivia|148|Blanca PEREZ MERCADO|Blanca PEREZ MERCADO|Blanca PEREZ MERCADO
BO148IIP11T01|PROYECTO TANQUE Y POZO COLONIA PIRAI|Bolivia|148|Blanca PEREZ MERCADO|Blanca PEREZ MERCADO|Blanca PEREZ MERCADO
BO148IIP12T01|NUEVO PROYECTO DE AGUAS EN SANTA CRUZ PRODEAS, PLANIFICACION, ESTRUCTURACION E IMPLEMENTADO|Bolivia|148|Blanca PEREZ MERCADO|Blanca PEREZ MERCADO|Blanca PEREZ MERCADO
BO148IIP13T01|PROYECTO SANTA MARTA POZO DE AGUA|Bolivia|148|Blanca PEREZ MERCADO|Blanca PEREZ MERCADO|Blanca PEREZ MERCADO
BO148IIP14T01|PROYECTO DE AGUA COOPERATIVA SR. DE MALTA VALLE GRANDE POZO DE RIEGO|Bolivia|148|Blanca PEREZ MERCADO|Blanca PEREZ MERCADO|Blanca PEREZ MERCADO
BO148IIP15T01|PROYECTO DE SEIS POZOS FAMILIARES DE PVC EN URUBO|Bolivia|148|Blanca PEREZ MERCADO|Blanca PEREZ MERCADO|Blanca PEREZ MERCADO
BO148IIP16T01|POZO FAMILIAR EN LA ZONA EQUIPETROL, SANTA CRUZ|Bolivia|148|Blanca PEREZ MERCADO|Blanca PEREZ MERCADO|Blanca PEREZ MERCADO
BO148IIP17T01|POZO FAMILIAR EN LA COLONIA BERLIN|Bolivia|148|Blanca PEREZ MERCADO|Blanca PEREZ MERCADO|Blanca PEREZ MERCADO
BO148IIP18T01|POZO DE OBSERVACION PARA EL CANAL DE DRENAJE EN LAS ORILLAS DE LA CIUDAD|Bolivia|148|Blanca PEREZ MERCADO|Blanca PEREZ MERCADO|Blanca PEREZ MERCADO
BO148IIP19T01|PROYECTO DE 11 POZOS FAMILIARES CON BOMBA ROSARIO EN LA URBANIZACION EL TRIGAL|Bolivia|148|Blanca PEREZ MERCADO|Blanca PEREZ MERCADO|Blanca PEREZ MERCADO
BO148IIP20T01|PROYECTO EL CUATRO (4 POZOS COMUNALES CON BOMBA MANUAL)|Bolivia|148|Blanca PEREZ MERCADO|Blanca PEREZ MERCADO|Blanca PEREZ MERCADO
BO148IIP21T01|PROYECTO POZOS LAS PARABAS|Bolivia|148|Blanca PEREZ MERCADO|Blanca PEREZ MERCADO|Blanca PEREZ MERCADO
BO148IIP22T01|PROYECTO DE POZOS, BOMBA AEROMOTOR Y TANQUE DE FERRO CEMENTO EN VILLA ROSARIO|Bolivia|148|Blanca PEREZ MERCADO|Blanca PEREZ MERCADO|Blanca PEREZ MERCADO
BO148IIP25T00|ATAJADOS PARA AGUAS DE LLUVIA CON FINES DE RIEGO, DOCE EN QUIÑALES Y OCHO EN VERDECILLO|Bolivia|148|Blanca PEREZ MERCADO|Blanca PEREZ MERCADO|Blanca PEREZ MERCADO
BO148IIP26T00|PROYECTO DE 67 UNIDADES FAMILIARES DE BAÑOS, DUCHAS Y LAVANDERIAS, ZONA KM. 6 AL 55 CAMINO ANTIGUO A COCHABAMBA|Bolivia|148|Blanca PEREZ MERCADO|Blanca PEREZ MERCADO|Blanca PEREZ MERCADO
BO148IIP27T01|PROYECTO Y ESTUDIO DE ALTERNATIVAS PARA DOTACION DE AGUA POTABLE PARA COMUNIDADES Y BARRIOS DE SANTA CRUZ|Bolivia|148|Blanca PEREZ MERCADO|Blanca PEREZ MERCADO|Blanca PEREZ MERCADO
BO148IIP28T00|ESTUDIO DE ALTERNATIVAS DE DOTACION DE AGUA POTABLE PARA LA ZONA DE VALLE GRANDE|Bolivia|148|Blanca PEREZ MERCADO|Blanca PEREZ MERCADO|Blanca PEREZ MERCADO
BO148IIP29T00|ASESORIA A LA COOPERATIVA DE AGUAS DE PADILLA (DEPARTAMENTO DE CHUQUISACA) EN SU NUEVO SISTEMA DE AGUA POTABLE|Bolivia|148|Blanca PEREZ MERCADO|Blanca PEREZ MERCADO|Blanca PEREZ MERCADO
BO148IIP30T01|POZOS PROFUNDOS  PARA COMUNIDADES RURALES|Bolivia|148|Blanca PEREZ MERCADO|Blanca PEREZ MERCADO|Blanca PEREZ MERCADO
BO148IIP31T00|PROYECTO DE FINANCIAMIENTO PARA SISTEMA DE AGUA DEL BARRIO SAN MARTIN SAN MARTIN U.V. 74|Bolivia|148|Blanca PEREZ MERCADO|Blanca PEREZ MERCADO|Blanca PEREZ MERCADO
BO148IIP32T00|PROYECTO DE AGUA POTABLE Y SANEAMIENTO RURAL|Bolivia|148|Blanca PEREZ MERCADO|Blanca PEREZ MERCADO|Blanca PEREZ MERCADO
BO148IIP33T00|PROYECTO DE FINANCIAMIENTO DE POZOS Y SISTEMAS DE AGUA EN SAN JULIAN (BOLIVIA|Bolivia|148|Blanca PEREZ MERCADO|Blanca PEREZ MERCADO|Blanca PEREZ MERCADO
BO148IIP34T00|PRODEAS "ESCUELA DE AGUAS"; PROYECTO PARA EL RECONOCIMIENTO COMO INSTITUTO|Bolivia|148|Blanca PEREZ MERCADO|Blanca PEREZ MERCADO|Blanca PEREZ MERCADO
BO148IIP35T00|PROYECTOS DE SANEAMIENTO BASICO (DUCHAS, LETRINAS), POZOS DE AGUA POTABLE Y MICRO RIEGO PARA ILLATACO, COCHABAMBA|Bolivia|148|Blanca PEREZ MERCADO|Blanca PEREZ MERCADO|Blanca PEREZ MERCADO
BO148IIP36T00|FACTIBILIDAD DE AGUAS SUBTERRANEAS PARA SAJLINA (CULPINA, DEPARTAMENTO DE CHUQISACA)|Bolivia|148|Blanca PEREZ MERCADO|Blanca PEREZ MERCADO|Blanca PEREZ MERCADO
BO150IIP01T01|RECICLAJE|Bolivia|150|Ing. Esteban ECHAVARRIA|Ing. Esteban ECHAVARRIA| Esteban ECHAVARRIA
BO151IIP01T00|MANEJO DE RESIDUOS SOLIDOS Y PELIGROSOS EN LA CIUDAD DE SANTA CRUZ|Bolivia|152|Ing. Raúl VEDIA|Ing. Raul VEDIA|Raul VEDIA
BO152IIP01T00|PROGRAMA PILOTO DE CONCIENTIZACION CIUDADANA EN EL MANEJO SOSTENIBLE DE RESIDUOS DOMICILIARIOS Y PELIGROSOS|Bolivia|152|Dante Luis LELLO|Dante Luis LELLO|Dante Luis LELLO
BO171IIIP01T01|ESTUFA LORENA|Bolivia|171|Lic. Carmen MIRANDA|Lic. Carmen MIRANDA|Lic. Carmen MIRANDA
BO172IIIP01T01|PROGRAMA DE ELECTRIFICACION RURAL, MEDIANTE SISTEMAS FOTOVOLTAICOS|Bolivia|172|Ing. Carlos GARCIA-AGREDA DABDOUB|Ing. Carlos GARCIA-AGREDA DABDOUB|Carlos GARCIA-AGREDA DABDOUB
BO172IIIP02T01|PARQUE EOLICO EN SANTA CRUZ - BOLIVIA|Bolivia|172|Ing. Eduardo ELDER|Ing. Eduardo ELDER| Eduardo ELDER
BO173IIIP01T01|INSTALACION DE SISTEMAS FOTOVOLTAICOS EN ORINOCA|Bolivia|173| Andrés Trepp del Carpio| Andrés Trepp del Carpio| Erika Corico Pastén
BO174IIIP01T02|ESTRATEGIA DE ENERGIA RURAL|Bolivia|174|Enrique BIRHUETT / Miguel FERNANDEZ|Enrique BIRHUETT / Miguel FERNANDEZ|Enrique BIRHUETT / Miguel FERNANDEZ
BO175II-IIIP02T01|ENERGIA SOLAR "COLECTORES DE PLACA PLANA"|Bolivia|175|Ing. Abraham MONTAÑO SUAREZ|Ing. Abraham MONTAÑO SUAREZ|Abraham MONTAÑO SUAREZ
BO175II-IIIP03T01|DESALINIZACIÓN DE AGUAS DE FORMACIÓN|Bolivia|175|Ing. Carlos ALARCON Z., Ing. Abraham MONTAÑO SUAREZ.|Ing. Carlos ALARCON Z., Ing. Abraham MONTAÑO SUAREZ.|Abraham MONTAÑO SUAREZ.
BO175II-IIIP06T01|EVALUACIÓN, OPTIMIZACIÓN Y POTENCIAL DE USO DE LA BOMBA DE SOGA EN MICRORRIEGO|Bolivia|175|Adolfo Weimar ARANCIBIA VALVERDE|Adolfo Weimar ARANCIBIA VALVERDE|Adolfo Weimar ARANCIBIA VALVERDE
BO175IIIP01T01|PROGRAMA DE ENERGIAS RENOVABLES (APLICACIONES MULTIPLES EN TECNOLOGIA APROPIADA) ENERGIA EOLICA (BOMBAS EOLICAS)|Bolivia|175|Ing. Abraham MONTAÑO SUAREZ|Ing. Abraham MONTAÑO SUAREZ|Abraham MONTAÑO SUAREZ
BO176IIIP01T01|UTILIZACION DE LA LUZ SOLAR|Bolivia|176|Daniel CALLAU|Daniel CALLAU|Daniel CALLAU
BO177IIIP01T01|RECICLAJE DE BATERIAS|Bolivia|177|Víctor Hugo Jiménez|Víctor Hugo Jiménez|Víctor Hugo Jiménez
BO178IIIP01T00|ELECTRICIDAD SOLAR PARA EL CAMPO|Bolivia|178|Eduardo Lozada W|Eduardo Lozada W|Eduardo Lozada W
BO199II-IVP01T00|PROGRAMA REGIONAL DE APOYO A PUEBLOS INDIGENAS DE LA CUENCA DEL AMAZONAS|Bolivia|199|Sr. Juan Carlos SCHULZE M.|Sr. Juan Carlos SCHULZE M.|Sr. Juan Carlos SCHULZE M.
BO50P12T1-T6|CONSTRUCCION DE SISTEMAS RURALES DE AGUA POTABLE Y SANEAMIENTO |Bolivia|148|Blanca PEREZ MERCADO|Blanca PEREZ MERCADO|Blanca PEREZ MERCADO
BR027II-IIIP01T01|GESTION DE CUENCAS: AGUA, GENTE Y AMBIENTE|Brasil|27|Geroncio Albuquerque Rocha|Geroncio Albuquerque Rocha|Geroncio Albuquerque Rocha
BR034II-IVP00T00|PERSPECTIVAS Y SOLUCIONES PARA LA GESTION DE SERVICIOS DE AGUA POTABLE Y SANEAMIENTO EN LA ARGENTINA|Brasil|34|Isaac Zilberman |Ing. Isaac Zilberman | Isaac Zilberman
BR114IP01T01|FABRICAÇÃO INDUSTRIAL DE HABITAÇÕES POPULARES EM CONCRETO CELULAR|Brasil|114|Nagib CHARONE Filho|Nagib CHARONE Filho|Nagib CHARONE Filho
BR153IIP01T01|DEPOSITO DE AGUA REVESTIDO CON PLÁSTICO|Brasil|153|Dilson Resende de Almeida |Dilson Resende de Almeida|Roberto Guimarães Carneiro
BR153IIP02T01|BOMBA MANUAL DE ROSARIO DE PEQUEÑAS PROFUNDIDADES|Brasil|153|Maria José Lopes F. Matos |Maria José Lopes F. Matos |Maria José Lopes F. Matos
BR153IIP03T01|BOMBA DE MADERA PARA AGUA|Brasil|153|Lizabeti de Fátima F Pauperio|Lizabeti de Fátima F Pauperio|Lizabeti de Fátima F Pauperio
BR153iip04t01|FILTRO EN TANQUE DE AGUA|Brasil|153|Mário Augusto Ribas do Nascimento|Mário Augusto Ribas do Nascimento|Águeda Marcéi Mezomo
BR153IIP05T01|FILTRO DOMESTICO ARTESANAL|Brasil|153|ROBÉRIO HAMILTON DE C. BEZERRA|ROBÉRIO HAMILTON DE C. BEZERRA|GERALDO FIRMINO DA SILVA
BR154IIP01T01|FILTRO DE CARBON|Brasil|154|Dr. Irineu Cabral|Dr. Irineu Cabral|Irineu Cabral,
BR155iip01t01|SISTEMA DE ABASTECIMENTO DE AGUA NAS COMUNIDADES RURAIS |Brasil|155|Francisco Sergio BELISH DE SOUSA SEÃO||Francisco Sergio BELISH DE SOUSA SEÃO
BR156IIP01T01|APROVEITAMENTO DE RECURSOS NATURAIS  |Brasil|156|Milton MONTES|Milton MONTES|Milton MONTES
BR157IIP01T01|PROJETO PROSANEAR - PROGRAMA DE SANEAMENTO PARA POPULAÇÃO DE BAIXA RENDA|Brasil|157|José Homobono PAES DE ANDRADE|José Homobono PAES DE ANDRADE|José Homobono PAES DE ANDRADE
BR158IIP01T01|PROJETO INTEGRADO DE DESENVOLVIMENTO SUSTENTÁVEL PARA COMUNIDADES RURAIS |Brasil|158|Dra. Nazaré IMBIRIBA|Dra. Nazaré IMBIRIBA|Nazaré IMBIRIBA
BR158IIP02T01|TRATAMIENTO DE AGUA POR HIPOCLORITO|Brasil|158|Dra. Nazaré IMBIRIBA|Dra. Nazaré IMBIRIBA|Nazaré IMBIRIBA
BR176IIIP01T01|SISTEMAS ENERGÉTICOS ALTERNATIVOS PARA MELHORIA DA QUALIDADE DE VIDA DE PEQUENAS COMUNIDADES RURAIS NO ESTADO DO PARÁ|Brasil|176|Emílio José MONTERO ARRUDA FILHO|Emílio José MONTERO ARRUDA FILHO|Emílio José MONTERO ARRUDA FILHO
BR176IIIP02T01|PROJETO PARA ELETRIFICAÇÃO RURAL NAS COMUNIDADES DO ESTADO DO PARÁ E AMAZÔNIA|Brasil|176|Emílio José MONTERO ARRUDA FILHO|Emílio José MONTERO ARRUDA FILHO|Emílio José MONTERO ARRUDA FILHO
CO015IIIP01T01|ALTERNATIVAS ENERGÉTICAS EN EL PACIFICO, LA ORINOQUIA Y LA AMAZONIA.|Colombia|15|||
CO026IIIP03T01|Minería - Guainía ASPECTOS GEOLÓGICOS, MINEROS Y AMBIENTALES CUENCA MEDIA Y ALTA DE LOS RÍOS GUAINÍA E INÍRIDA |Colombia|26|PEDRO ERNESTO LÓPEZ AFRICANO |PEDRO ERNESTO LÓPEZ AFRICANO |PEDRO ERNESTO LÓPEZ AFRICANO
CO031IIP01T01|INFORME DE GESTION DE AGUA POTABLE Y SANEAMIENTO|Colombia|30|Guido Briceño Méndez|Guido Briceño Méndez|Guido Briceño Méndez
CO057II-IIIP04T01|EMBUDO RECOLECTOR DE AGUAS LLUVIAS|Colombia|57|Ing. Juan Manuel BERNAL|Ing. Juan Manuel BERNAL|Ing. Juan Manuel BERNAL
CO115I-IIP01T00|MEJORAMIENTO DE VIVIENDA RURAL Y SANEAMIENTO BÁSICO ALTERNATIVO EN EL MUNICIPIO DE EL RETORNO|Colombia|115|Sr. CÁRDENAS y/o Sra. Alcira PORRAS|Sr. CÁRDENAS y/o Sra. Alcira PORRAS|Alcira PORRAS
CO117I-II-IIIO01T01|PROPAGACIÓN DE ESPECIES MADERABLES, FRUTALES Y LEGUMINOSAS PROMISORIAS, PARA LOS MUNICIPIOS DE BELÉN DE LOS ANDAQUIES, FLORENCIA Y EL PAUJIL|Colombia|117|Salvador ROJAS G.|Salvador ROJAS G.|Salvador ROJAS G.
CO118IP01T01|CONSTRUCCIÓN Y DOTACIÓN DE UN CENTRO PARA LA PROMOCIÓN DE ACTIVIDADES DE CAPACITACIÓN PARA LA MUJER EN MITÚ.|Colombia|118|Yolanda FLORES / Cecilia BAYLÓN|Yolanda FLORES / Cecilia BAYLÓN|Roberto CASTRO
CO120IP01T00|CONSTRUCCIÓN Y ADECUACIÓN DEL CENTRO PILOTO DE ETNODESARROLLO "AGAPE" EN LETICIA, AMAZONAS|Colombia|120|Padre Juan Antonio FONT BINIMELIS|Padre Juan Antonio FONT BINIMELIS|Padre Juan Antonio FONT BINIMELIS
CO121II-IIIP02T01|HERVIDOR SOLAR COMPACTO GAVIOTAS H.S.C.G. - 1|Colombia|121|Paolo LUGARI CASTRILLON|Paolo LUGARI CASTRILLON|Paolo LUGARI CASTRILLON
CO121IIIP03T01|COCINA SOLAR II|Colombia|121|Paolo LUGARI CASTRILLON|Paolo LUGARI CASTRILLON|Paolo LUGARI CASTRILLON
CO121IIIP04T01|COLECTORES SOLARES DE TUBOS RECICLADOS CSTR |Colombia|121|Paolo LUGARI CASTRILLON|Paolo LUGARI CASTRILLON|Paolo LUGARI CASTRILLON
CO121IIIP11T01|BARRENO MANUAL PARA PERFORAR POZOS|Colombia|121|Paolo LUGARI CASTRILLON|Paolo LUGARI CASTRILLON|Paolo LUGARI CASTRILLON
CO121IIP06T01|ELEVADOR DE AGUA|Colombia|121|Paolo LUGARI CASTRILLON|Paolo LUGARI CASTRILLON|Paolo LUGARI CASTRILLON
CO121IIP07T01|MOLINO DE VIENTO TROPICAL GAVIOTAS DOBLE EFECTO|Colombia|121|Paolo LUGARI CASTRILLON|Paolo LUGARI CASTRILLON|Paolo LUGARI CASTRILLON
CO121IIP08T01|SISTEMA INDIVIDUAL DE CALENTADORES SOLARES DE AGUA|Colombia|121|Paolo LUGARI CASTRILLON|Paolo LUGARI CASTRILLON|Paolo LUGARI CASTRILLON
CO121IIP09T01|ARIETE HIDRAULICO GAVIOTAS|Colombia|121|Paolo LUGARI CASTRILLON|Paolo LUGARI CASTRILLON|Paolo LUGARI CASTRILLON
CO121IIP10T01|BOMBA MANUAL DE CAMISA GAVIOTAS|Colombia|121|Paolo LUGARI CASTRILLON|Paolo LUGARI CASTRILLON|Paolo LUGARI CASTRILLON
CO121IIP11T01|BARRENO MANUAL PARA PERFORAR POZOS|Colombia|121|Paolo LUGARI CASTRILLON|Paolo LUGARI CASTRILLON|Paolo LUGARI CASTRILLON
CO121IP01T01|CORTADORA DE TABLETAS EN MADERA|Colombia|121|Paolo LUGARI CASTRILLON|Paolo LUGARI CASTRILLON|Paolo LUGARI CASTRILLON
CO122I-IIP01T01|CINVA - RAM. MAQUINA PARA FABRICAR BLOQUES DE SUELO-CEMENTO|Colombia|122|Julio Salazar|Julio Salazar|Julio Salazar
CO160IIP01T00|FORTALECIMIENTO   DE   LA   PRODUCCIÓN   PARA    AUTOCONSUMO   MEDIANTE   LA  RECUPERACIÓN DE PRADERAS DEGRADADAS EN EL MUNICIPIO DE CALAMAR|Colombia|160|Rodrigo VILLABON / Roberto CASTRO B.|Rodrigo VILLABON / Roberto CASTRO B.|Rodrigo VILLABON / Roberto CASTRO B.
CO164IIP01T00|SISTEMAS  DE  RECOLECCION  Y  ALMACENAMIENTO  DE  AGUAS  LLUVIAS  PARA  LAS COMUNIDADES SOBRE EL RIO AMAZONAS|Colombia|164|Geog. Camilo DOMINGUEZ|Geog. Camilo DOMINGUEZ|Camilo DOMINGUEZ
CO183IIIP01T00|REESTRUCTURACIÓN    Y    FORTALECIMIENTO    DE    LA    RED   COMUNITARIA    DE  COMERCIALIZACIÓN EN EL MEDIO RÍO GUAVIARE|Colombia|183|Humberto Evaristo YOSUINE;  Rubén Darío CARIANIL|Humberto Evaristo YOSUINE  / Rubén Darío CARIANIL|Humberto Evaristo YOSUINE
CO258IIP01T00|ASENTAMIENTOS HUMANOS EN LA AMAZONIA|Colombia|258|Dra. Luz Marina MANTILLA CARDENAS|Dra. Luz Marina MANTILLA CARDENAS|Adriana RODRIGUEZ
EC084IIIP01T00|LOS BENEFICIOS ECONÓMICOS TOTALES DE LA PRODUCCIÓN DE BIOGÁS UTILIZANDO UN BIODIGESTOR DE POLIETILENO DE BAJO COSTO|Ecuador|84|Jane Yeomans|Jane Yeomans|Raúl Botero
EC105IIP01T02|TECNOLOGÍAS PARA EL TRATAMIENTO DE AGUA DE CONSUMO HUMANO|Ecuador|105|Dr. Jorge Luis Prosperi|Dr. Jorge Luis Prosperi|
EC110IIP02T01|ESTACION DEPURADORA DE AGUAS LIXIVIADAS(ADAL) DEL RELLENO SANITARIO DE LOGROÑO, PROVINCIA DE MORONA , SANTIAGO|Ecuador|110|Ricardo Burgos M.,| Ing. Ricardo Burgos M.,|Ricardo Burgos M.,
EC149IIP01T02|CONSTRUCCIÓN DE LETRINAS SANITARIAS EN LOS BARRIOS SANTA ROSA Y SANTA CECILIA DE LA CIUDAD DE PAQUISHA|Ecuador|149|Ing. Walter Solís Valarezo|Ing. Walter Solís Valarezo|Walter Solís Valarezo
EC149IIP02T03|PROGRAMA PRAGUAS- MIDUVI-  MUNICIPIO DE YANTZAZA/2007|Ecuador|149|Ing. Walter Solís Valarezo|Ing. Walter Solís Valarezo|Walter Solís Valarezo
EC149IIP03T01|SISTEMA DE ABASTECIMIENTO DE AGUA, NACIONALIDAD SECOYA : DISEÑO DE BOMBAS CASERAS PARA LA EXTRACCIÓN DE AGUA EN POZOS SOMEROS|Ecuador|149|Ing. Walter Solís Valarezo|Ing. Walter Solís Valarezo|Walter Solís Valarezo
EC184IIP01T01|PREVENCION DE LA CONTAMINACION EN LA PLANTA DE RECICLAJE DE PAPEL DEL ECUADOR|Ecuador|184|Marco Encalada|Marco Encalada|Marco Encalada
EC218IIP01T01|MUJERES, COMUNIDADES Y PLANTACIONES|Ecuador|218|Ivonne Ramos y Nathalia Bonilla|Sr.   Andreu Felip i Ventura|Ricardo Carrere
EC220IIP01T01|UN CASO DE IMPUNIDAD AMBIENTAL|Ecuador|220||Tony Destefano|Alexandra Almeida
EC248IIP01T01|BAÑO PÚBLICO EN EMBARCADERO A HOTEL NAPO  WILDLIFE|Ecuador|248|Juan Vargas|Juan Vargas|Individuo de la comunidad Shuar
EC248IIP02T01|BAÑOS VIVIENDAS DE COMUNIDAD, ACHUAR|Ecuador|248|||Individuo de la comunidad  ACHUAR
EC248IIP04T01|PROYECTO DE CONSTRUCCIÓN DE AGUA POTABLE PARA LA COMUNIDAD DE TSUNKTNISA |Ecuador|248|Ángel Medina Lozano|Ángel Medina Lozano|Ángel Medina Lozano
EC250IIP01T01|PROYECTOS CON LETRINAS SANITARIAS CON ARRASTRE DE AGUA DE LA FEDERACION INTERNACIONAL  DE SOCIEDADES DE LA CRUZ ROJA -EL PROGRAMA AMAZONICO EN  ECUADOR.|Ecuador|250| William Lacy Swing | William Lacy Swing | William Lacy Swing
EC251IIP01T01|SANEAMIENTO INTEGRAL PARA LA COMUNIDAD DE YUVIENTSA|Ecuador|251|Domingo Peas|Domingo Peas|Domingo Peas
EC254IIP01T00|LETRINIZACIÓN FAMILIAR PARA ALGUNAS COMUNIDADES DEL SECTOR RURAL/2008|Ecuador|254|Lic.  Servio Quezada Romero|Lic. | Servio Quezada Romero
EC256IIP01T01|CONSTRUCCIÓN DE LETRINAS SANITARIAS EN LOS BARRIOS SANTA ROSA Y SANTA CECILIA DE LA CIUDAD DE PAQUISHA|Ecuador|256|Prof. José Bolívar Jaramillo|Prof. José Bolívar Jaramillo|José Bolívar Jaramillo
EC310IIP01T01|PANTANOS NUEVOS ARTIFICIALES PARA LA EMPRESA ALEODUCTO DE CRUDOS PESADOS (OCP)|Ecuador|310|William Chapalbay|William Chapalbay|William Chapalbay
EC311IIIP01T00|Energía Fotovoltaica para el desarrollo de las comunidades indígenas de la Ribera Baja del río Aguarico.|Ecuador|311|Mario Brito|Mario Brito|Mario Brito
EC311IIIP03T00|Suministro, Instalación, puesta en operación e implementación de un programa de sostenibilidad para sistemas de generación de energía solar fotovoltaica para comunidades ubicadas en la Ribera del río Aguarico y del río San Miguel.|Ecuador|311|Mario Brito|Mario Brito|Mario Brito
EC313IIIP01T01|EURO-SOLAR, Programa de Energía Renovable para el Desarrollo del Ecuador|Ecuador|313|Renato Oña Pólit|Ing.  Alecksey Mosquera| Alecksey Mosquera
EC314IIIP01T00|INSTALACION DE ENERGIA FOTOVOLTAICA EN LA COMUNIDAD SHUAR DE UWINTS |Ecuador|314|Adolfo Brinkmann|Adolfo Brinkmann|Patricia Peñaherrera
EC314IIIP02T00|INSTALACION DE PANELES SOLARES UNIFAMILIARES EN LA COMUNIDAD DE YUSIMIN|Ecuador|314|Adolfo Brinkmann|Adolfo Brinkmann|Patricia Peñaherrera
EC316IIIP01T00|ELECTRIFICACION RURAL FOTOVOLTAICA POR EL GOBIERNO  PROVINCIAL DE MORONA SANTIAGO|Ecuador|316|Hugo Reibán |Hugo Reibán |Hugo Reibán
GU004IVP00dT00|Regional Workshop of The Unesco Associated Schools Programme Network, World Heritage In Young Hands and The Global School Initiative Feeding Minds, Fighting Hunger|Suriname|4|Ms. Claudia Valle|Ms. Claudia Valle|Ms. Claudia Valle
GU303IIIP01T01|REPORT: On the Multi-Stakeholder Workshop in Guyana. RURAL ELECTRIFICATION|Guyana|303|Mr. William Andries|Mr. William Andries|Mr. William Andries
GU312III-IVP00aT00|World Renewable Energy Congress VIII BOOK OF ABSTRACTS|Trinidad and Tobago, West Indies|312|||
ML003II-IVP00hT00|DIAGNISTICO DE LA CAPACITACION EN SALUD AMBIENTAL EN AMERICA LATINA Y EL CARIBE|USA|3|RAFAEL AMADOR RODEZNO|RAFAEL AMADOR RODEZNO|RAFAEL AMADOR RODEZNO
ML057IIP03T01|EMBUDO RECOLECTOR DE AGUAS LLUVIAS|Colombia|57|Ing. Juan Manuel BERNAL|Ing. Juan Manuel BERNAL|Ing. Juan Manuel BERNAL
ORG187IIP01T00|LA GOBERNABILIDAD DE LA GESTION DEL AGUA EN EL ECUADOR |Venezuela|187|Fabiola Tábora Merlo|Fabiola Tábora Merlo|Fabiola Tábora Merlo
PE003IIP03T01|TECNOLOGIAS APROPIADAS PARA EL TRATAMIENTO Y USO DE LAS AGUAS RESIDUALES: LA EXPERIENCIA PERUANA|Perú|3|Julio Moscoso Cavallini|Mauricio Pardón|Julio Moscoso Cavallini
PE003IIP07T00|IMPLEMENTACION DE PROGRAMAS DE AGUA Y SANEAMIENTO RURAL CRITERIOS PARA LA ELABORACIÓN DE SYLLABUS DE CERTIFICACIÓN DE PROFESIONALES Y TÉCNICOS SEGÚN REGIONES NATURALES INFORME FINAL|Perú|3|Dr. Mauricio Pardón|Dr. Mauricio Pardón|Dr. Mauricio Pardón
PE003IIP09T00|SISTEMAS INTEGRADOS DE TRATAMIENTO Y USO DE AGUAS RESIDUALES EN AMERICA LATINA: REALIDAD Y POTENCIAL, ESTUDIO GENERAL DEL CASO SAN AGUSTIN, PERU|Perú|3| Roberto Manrique Arce| Roberto Manrique Arce| Roberto Manrique Arce
PE003IIP10T00|SISTEMAS INTEGRADOS DE TRATAMIENTO Y USO DE AGUAS RESIDUALES EN AMERICA LATINA: REALIDAD Y POTENCIAL, ESTUDIO GENERAL DEL CASO TACNA, PERU|Perú|3|Lic. Olga del Carpio|Lic. Olga del Carpio|Lic. Olga del Carpio
PE003IIP11T00|SISTEMAS INTEGRADOS DE TRATAMIENTO Y USO DE AGUAS RESIDUALES EN AMERICA LATINA: REALIDAD Y POTENCIAL ESTUDIO GENERAL DEL CASO VILLA EL SALVADOR, LIMA, PERU|Perú|3| Luis Acosta|Dr. Mauricio Pardón| Luis Acosta
PE009I-IVP00cT00|RECONSTRUCCION CON PREVENCION, QUE HACER Y QUE NO HACER EN LA RECONSTRUCCION DE CASA LUEGO DE UN SISMO|Perú|9|Alfonso Carrasco|Alfonso Carrasco|Alfonso Carrasco
PE009IIIP11T01|TURBINA DE RIO EN LORETO|Perú|9|JAVIER COELLO|JAVIER COELLO|JAVIER COELLO
PE009IIP04T00|LOS SERVICIOS DE AGUA Y SANEAMIENTO EN LA SELVA: CASO DEL ITDG EN SAN MARTIN|Perú|9|Oscar Castillo|Oscar Castillo|OSCAR CASTILLO Y NATHALIE VESCO
PE009IIP10T00|MEJORA DEL ACCESO DE AGUA Y SANEAMIENTO EN AREAS RURALES|Perú|9|Alfonso Carrasco|Alfonso Carrasco|Alfonso Carrasco
PE025IIP02T00|GESTION MUNICIPAL DEL AGUA, Análisis de los sistemas de la gestión del agua en los distritos de San Pablo, San Bernardino y San Luís (provincia de San Pablo) de la Cuenca del Jequetepeque / Perú|Venezuela|25|Ing. Edwin Pajares Vigo|Ing. Edwin Pajares Vigo|Ing. Edwin Pajares Vigo
PE028IIP03T01|GESTION DEL AGUA EN YANACOCHA|Perú|28|Minera Yanacocha S.r.l.|LUIS CAMPOS|LUIS CAMPOS
PE040IIIP01T01|PRODUCCION DE BIODIESEL EN EL PERU|Perú|40|Ing. Angie Garrido|Ing. Angie Garrido|Angie Garrido
PE041IIP01T01|TECNOLOGIAS APROPIADAS PARA ELEVACION DE AGUA EN AREAS RURALES|Venezuela|41|Carl R. Bartone|Janet McKinley |Janet McKinley
PE205I-II-IVP01T00|PROGRAMA EXPERIMENTAL DE AUTOCONSTRUCCION DE VIVIENDA SALUDABLE Y SEGURA EN ZONA RURAL. CASERIO EL MOGOTE|Perú|205| Arqto. Lenkiza Angulo Villarreal.| Arqto. Lenkiza Angulo Villarreal.| Lenkiza Angulo Villarreal.
PE213I-IIP01T00|Manual de Construcción del baño seco ecológico|Perú|213|Claudia Lema Dodobara ||Claudia Lema Dodobara
PE246II-IIIP02T01|MEJORAMIENTO DE LAS CONDICIONES DE SALUD AMBIENTAL DEL CASERÍO SANTA ISABEL  PACORA|Perú|246|Ing. JOSE M. RETO TIMANA|Ing. JOSE M. RETO TIMANA| JOSE M. RETO TIMANA
SU002III-IVP00T00|REPORT ON FORMULATING PUBLIC POLICIES FOR THE SUSTAINABLE USE OF NATURAL RESOURCES: THE CASE OF BIOFUELS|Trinidad and Tobago, West Indies|2|Sra. Alicia Bárcena Ibarra |Sra. Alicia Bárcena Ibarra |Sra. Alicia Bárcena Ibarra
SU307IIIP01T00|Caribbean-Latin American Encounter 2009|Surinam|307|Dr. Glenn Sankatsing|Dr. Glenn Sankatsing|
VE029IIP01T01|GESTION LOCAL Y SERVICIO PUBLICO: SERVICIO DE BASURA DEL MUNICIPIO LIBERTADOR EN MERIDA|Venezuela|29|María Inés Hernández de Padrón|María Inés Hernández de Padrón|María Inés Hernández de Padrón
VE073IIIP00T01-02-03-04-05|ENERGIAS ALTERNATIVAS|Venezuela|73|Prof. María Esculpi|Prof. María Esculpi| Nelson Hernández
VE105I-IVP01T00|AUTO-CONSTRUCCION DE VIVIENDA SALUDABLE EN LA COMUNIDAD TOKY-SHANAMAÑA EN EL AMAZONAS VENEZOLANO|Venezuela|105|Zenaira del Carmen Quintero Molina|Zenaira del Carmen Quintero Molina|Zenaira del Carmen Quintero Molina
VE123IIIP04T01|HORNO PARA AHUMAR, ASAR O DESHIDRATAR PESCADO CON LEÑA|Venezuela|123|Ing. Juan Carlos TORO|Ing. Juan Carlos TORO|Juan Carlos TORO
VE123IIIP05T01|PRODUCCION DE FOSFATO DE CALCIO DESFLURINADO A PARTIR DEL SUPER FOSFATO TRIPLE: USO AGRICOLA|Venezuela|123|Ing. Juan Carlos TORO|Ing. Juan Carlos TORO|Juan Carlos TORO
VE123IIIP06T01|INSTALACION PARA ELABORAR CASABE Y MAÑOCO|Venezuela|123|Ing. Juan Carlos TORO|Ing. Juan Carlos TORO|Juan Carlos TORO
VE123IIP02T01|CONSTRUCCION DE UNIDAD FLUVIAL DE ASISTENCIA MEDICA A PARTIR DEL CASCO DE UNA LANCHA, MODELO DEPORTIVA|Venezuela|123|Ing. Juan Carlos TORO|Ing. Juan Carlos TORO|Juan Carlos TORO
VE123IIP03T01|FILTRO PARA USO RURAL USANDO EQUIPO ALTERNATIVO|Venezuela|123|Ing. Juan Carlos TORO|Ing. Juan Carlos TORO|Juan Carlos TORO
VE123IP01T01|GANCHO PARA SUSTENTAR LAMINAS DE ZINC AL TECHO, COMO SUSTITUTO DE LOS GANCHOS Y AMARRES|Venezuela|123|Ing. Juan Carlos TORO|Ing. Juan Carlos TORO|Juan Carlos TORO
VE124I-II-IIIP01T02|ATENCION  INTEGRAL  A  LA  POBLACION  INDIGENA DEL GRUPO JIWI-GUAHIBO DEL ESTADO AMAZONAS -VENEZUELA Y COLOMBIA- ACTIVIDADES DE FORMACION Y CAPACITACION DE RECURSOS HUMANOS EN EL MARCO DEL  DESARROLLO Y TRANSFERENCIA DE TRES ECOTECNOLOGIAS BASICAS EN AMAZONAS: * ESTUFAS AHORRADORAS DE LEÑA; * LETRINAS ABONERAS SECAS FAMILIARES -LASF- Y * HUERTOS MIXTOS (PLANTAS MEDICINALES, ALIMENTICIAS, FRUTALES Y ARBOLES PARA ENERGIA ALTERNA) COMO SISTEMA BIOENERGETICO INTEGRADO Y COMO SUSTRATO DE UN MODELO DE DESARROLLO SUSTENTABLE CON BASE EN EL MATERIAL TIERRA|Venezuela|124|Arq. Ruby De Valencia|Arq. Ruby De Valencia|Ruby De Valencia
VE124I-II-IIIP0IT00|Tecnologías Apropiadas y Apropiables de la Amazonia. Las experiencias amazónicas como base para la creación de la Red de Tecnologías Apropiadas y Apropiables de la Amazonia.|Venezuela|124|Arq. Ruby De Valencia|Arq. Ruby De Valencia|Ruby De Valencia
VE124IP02T00|15.000 AÑOS DE VIVIENDA INDIGENA EN VENEZUELA |Venezuela|124|Arq. Ruby De Valencia|Arq. Ruby De Valencia|Ruby De Valencia
VE125IP01T00|PROYECTO SARAO - SISTEMA DE ALDEAS RURALES AUTO ORGANIZADAS -|Venezuela|125|Arq. Enrique VILA (conjuntamente con  Raúl Sánchez, Ricardo Parra y  J. Tulián).|Arq. Enrique VILA (conjuntamente con  Raúl Sánchez, Ricardo Parra y  J. Tulián)|Enrique VILA
VE126IIP03T00|DESARROLLO DE PLANES Y ESTUDIOS SOBRE ECOLOGÍA Y CONSERVACIÓN EN EL  PARQUE NACIONAL CANAIMA  (GRAN SABANA ) |Venezuela|126|Gabriel PICÓN|Gabriel PICÓN|Gabriel PICÓN
VE126IP01T00|TECNOLOGIA INTEGRAL DEL CICLO DEL PINO CARIBE |Venezuela|126|Ing. Veira SUAREZ GARCIA|Ing. Veira SUAREZ GARCIA| Veira SUAREZ GARCIA
VE126IP02T00|ORGANIZACION Y DESARROLLO  COMUNITARIO  EN AREAS RURALES VINCULADAS A LA PRODUCCION DE PINO CARIBE EN EL SUR DE LOS ESTADOS ANZOATEGUI Y MONAGAS.|Venezuela|126|Lic. Fernando SILVA|Lic. Fernando SILVA|Fernando SILVA
VE127I-IIP01T00|PROYECTO DE SANEAMIENTO AMBIENTAL Y OBRAS CIVILES MENORES EN COMUNIDADES INDIGENAS Y BARRIOS DEL ESTADO AMAZONAS I FASE 1998|Venezuela|127|Prof. Gloria BRAVO|Prof. Gloria BRAVO|Gloria BRAVO
VE127IIP02T00|RECUPERACION Y SANEAMIENTO AMBIENTAL Y SANITARIO DEL CAÑO CARINAGUITA|Venezuela|127|Prof. Gloria BRAVO|Prof. Gloria BRAVO|Gloria BRAVO
VE127IIP03T00|PRODUCCION, DISTRIBUCION Y ADUCCION DE AGUA POTABLE A COMUNIDADES INDIGENAS SECTOR NORTE PUERTO AYACUCHO|Venezuela|127|Prof. Gloria BRAVO|Prof. Gloria BRAVO|Gloria BRAVO
VE128IP01T01|IGLESIA DE SAN RAFAEL DE KAMOIRAN|Venezuela|128|Rafael CASTRO|Rafael CASTRO|Rafael CASTRO
VE129IP01T00|TECNICAS DE RESTAURACION DEL PATRIMONIO HISTORICO ARQUITECTONICO|Venezuela|129|Arq. Asiria SILVA ESQUIVEL|Arq. Asiria SILVA ESQUIVEL|Asiria SILVA ESQUIVEL
VE130I-IIP01T00|TECNOLOGIA DE GESTION MUNICIPAL EN VIVIENDA|Venezuela|130|Ing. Homero MEDINA;  Asist. Gloria de Jesús Pizarro; Asist. Nolley Mayerling|Ing. Homero MEDINA;  Asist. Gloria de Jesús Pizarro; Asist. Nolley Mayerling| Homero MEDINA
VE131IP01T00|ARQUITECTURA CON TIERRA  |Venezuela|131|Arq.  María Gabriela VELASQUEZ ABATTI|Arq María Gabriela VELASQUEZ ABATTI| María Gabriela VELASQUEZ ABATTI
VE132IP01T00|INVESTIGACION Y DESARROLLO DE TECNOLOGIAS DE LA MADERA|Venezuela|132|Ing. Pausolino MARTINEZ|Ing. Pausolino MARTINEZ|Pausolino MARTINEZ
VE132IP02T00|DISEÑO Y ELABORACION DE MOBILIARIO EN BASE A TECNOLOGIAS  DE LA MADERA|Venezuela|132|Jesús MUÑOZ|Jesús MUÑOZ|Jesús MUÑOZ
VE133IP01T00|DESARROLLO DE METODOS Y SISTEMAS PARA LA  PLANIFICACION DE LA GESTION  MUNICIPAL CON LA PARTICIPACION DE LAS COMUNIDADES |Venezuela|133|Ing.  Héctor MACHADO|Ing.  Héctor MACHADO| Héctor MACHADO
VE134IP01T00|DESARROLLO Y PLANIFICACIÓN URBANÍSTICA DE CIUDAD GUAYANA|Venezuela|134|María Nuria DE CESARIS |María Nuria DE CESARIS|María Nuria DE CESARIS
VE135IP01T00|PROYECTO TURISTICO SUSTENTABLE|Venezuela|135|Javier SANCHEZ|Javier SANCHEZ|Javier SANCHEZ
VE136IP01T00|POLITICA DE OCUPACION PACIFICA Y ORDENACION DE TIERRAS EN CIUDAD GUAYANA                          |Venezuela|136|Ing. Hernán ESPINOZA| Ing.Hernán ESPINOZA|Hernán ESPINOZA
VE137IP01T00|TECNOLOGIA CONSTRUCTIVA EN ADOBE PARA  CONTEXTOS URBANO-RURALES DE SAN FELIX|Venezuela|137|Arq. Rosa MALDONADO|Arq. Rosa MALDONADO|Rosa MALDONADO
VE138IVP01T00|TECNOLOGIA DE INFORMACION COMUNITARIA DENTRO DEL CONTEXTO DEL DERECHO A LA INFORMACION, COMO  ASPECTO FUNDAMENTAL DE LOS DERECHOS HUMANOS.  ACTIVIDADES DE EXTENSION UNIVERSITARIA DE PROMOCION Y DEFENSA DE LOS DERECHOS HUMANOS|Venezuela|138|José ARAQUE|José ARAQUE|José ARAQUE
VE139IP01T00|VIVIENDA CON BARRO|Venezuela|139|José Gerardo VIVENES T.|José Gerardo VIVENES T.|José Gerardo VIVENES T.
VE140IP01T00|DESARROLLO Y PROMOCION DE PROYECTOS INTEGRALES COMUNITARIOS COMO EXPRESION DE POLITICAS MUNICIPALES DE VIVIENDA|Venezuela|140|Gisela PEREZ|Gisela PEREZ|Gisela PEREZ
VE141IP01T00|POSIBILIDADES TECNOLÓGICAS DEL USO DE LA MADERA DEL MANGLE EN  VIVIENDA|Venezuela|141|Arq. Wisto LABRADOR|Arq. Wisto LABRADOR|Wisto LABRADOR
VE142IP01T00|URBANISMO PRIMARIO PROGRESIVO |Venezuela|142|Arq. Ervigio RIERA C.|Arq. Ervigio RIERA C.|Ervigio RIERA C.
VE143IVP01T00|TECNOLOGÍA SOCIAL SOSTENIBLE |Venezuela|143|Lic Irma ROMERO DE GARCÍA|Lic Irma ROMERO DE GARCÍA|Irma ROMERO DE GARCÍA
VE144IP01T01|CHURUATA, CASA COMUNITARIA. PROYECTO DE COMUNICACION INDIGENA INTERACTIVA.|Venezuela|144|José Gilberto BOLIVAR, Tulio SOSA SANCHEZ|José Gilberto BOLIVAR, Tulio SOSA SANCHEZ|José Gilberto BOLIVAR
VE168IIP01T01|SISTEMA DE DISPOSICION DE EXCRETAS - LETRINA DE HOYO VENTILADO|Venezuela|168|Virginia Soto|Virginia Soto|Virginia Soto
VE168IIP02T04|SUMINISTRO DE AGUA POTABLE|Venezuela|168|Virginia Soto |Virginia Soto |Virginia Soto
VE169I-IIP01T01|CONSTRUCCION DE TANQUES ALTERNATIVOS PARA ALMACENAMIENTO DE AGUA|Venezuela|169|Miguel Angel VARGAS|Miguel Angel VARGAS|Miguel Angel VARGAS
